Date,Year,MonthNumber,MonthName,Quarter,DayName,WeekNumber,FinancialYear,FinancialMonthNumber
2025-01-01,2025,1,January,Q1,Wednesday,1,FY2024-25,10
2025-01-02,2025,1,January,Q1,Thursday,1,FY2024-25,10
2025-01-03,2025,1,January,Q1,Friday,1,FY2024-25,10
2025-01-04,2025,1,January,Q1,Saturday,1,FY2024-25,10
2025-01-05,2025,1,January,Q1,Sunday,1,FY2024-25,10
2025-01-06,2025,1,January,Q1,Monday,2,FY2024-25,10
2025-01-07,2025,1,January,Q1,Tuesday,2,FY2024-25,10
2025-01-08,2025,1,January,Q1,Wednesday,2,FY2024-25,10
2025-01-09,2025,1,January,Q1,Thursday,2,FY2024-25,10
2025-01-10,2025,1,January,Q1,Friday,2,FY2024-25,10
2025-01-11,2025,1,January,Q1,Saturday,2,FY2024-25,10
2025-01-12,2025,1,January,Q1,Sunday,2,FY2024-25,10
2025-01-13,2025,1,January,Q1,Monday,3,FY2024-25,10
2025-01-14,2025,1,January,Q1,Tuesday,3,FY2024-25,10
2025-01-15,2025,1,January,Q1,Wednesday,3,FY2024-25,10
2025-01-16,2025,1,January,Q1,Thursday,3,FY2024-25,10
2025-01-17,2025,1,January,Q1,Friday,3,FY2024-25,10
2025-01-18,2025,1,January,Q1,Saturday,3,FY2024-25,10
2025-01-19,2025,1,January,Q1,Sunday,3,FY2024-25,10
2025-01-20,2025,1,January,Q1,Monday,4,FY2024-25,10
2025-01-21,2025,1,January,Q1,Tuesday,4,FY2024-25,10
2025-01-22,2025,1,January,Q1,Wednesday,4,FY2024-25,10
2025-01-23,2025,1,January,Q1,Thursday,4,FY2024-25,10
2025-01-24,2025,1,January,Q1,Friday,4,FY2024-25,10
2025-01-25,2025,1,January,Q1,Saturday,4,FY2024-25,10
2025-01-26,2025,1,January,Q1,Sunday,4,FY2024-25,10
2025-01-27,2025,1,January,Q1,Monday,5,FY2024-25,10
2025-01-28,2025,1,January,Q1,Tuesday,5,FY2024-25,10
2025-01-29,2025,1,January,Q1,Wednesday,5,FY2024-25,10
2025-01-30,2025,1,January,Q1,Thursday,5,FY2024-25,10
2025-01-31,2025,1,January,Q1,Friday,5,FY2024-25,10
2025-02-01,2025,2,February,Q1,Saturday,5,FY2024-25,11
2025-02-02,2025,2,February,Q1,Sunday,5,FY2024-25,11
2025-02-03,2025,2,February,Q1,Monday,6,FY2024-25,11
2025-02-04,2025,2,February,Q1,Tuesday,6,FY2024-25,11
2025-02-05,2025,2,February,Q1,Wednesday,6,FY2024-25,11
2025-02-06,2025,2,February,Q1,Thursday,6,FY2024-25,11
2025-02-07,2025,2,February,Q1,Friday,6,FY2024-25,11
2025-02-08,2025,2,February,Q1,Saturday,6,FY2024-25,11
2025-02-09,2025,2,February,Q1,Sunday,6,FY2024-25,11
2025-02-10,2025,2,February,Q1,Monday,7,FY2024-25,11
2025-02-11,2025,2,February,Q1,Tuesday,7,FY2024-25,11
2025-02-12,2025,2,February,Q1,Wednesday,7,FY2024-25,11
2025-02-13,2025,2,February,Q1,Thursday,7,FY2024-25,11
2025-02-14,2025,2,February,Q1,Friday,7,FY2024-25,11
2025-02-15,2025,2,February,Q1,Saturday,7,FY2024-25,11
2025-02-16,2025,2,February,Q1,Sunday,7,FY2024-25,11
2025-02-17,2025,2,February,Q1,Monday,8,FY2024-25,11
2025-02-18,2025,2,February,Q1,Tuesday,8,FY2024-25,11
2025-02-19,2025,2,February,Q1,Wednesday,8,FY2024-25,11
2025-02-20,2025,2,February,Q1,Thursday,8,FY2024-25,11
2025-02-21,2025,2,February,Q1,Friday,8,FY2024-25,11
2025-02-22,2025,2,February,Q1,Saturday,8,FY2024-25,11
2025-02-23,2025,2,February,Q1,Sunday,8,FY2024-25,11
2025-02-24,2025,2,February,Q1,Monday,9,FY2024-25,11
2025-02-25,2025,2,February,Q1,Tuesday,9,FY2024-25,11
2025-02-26,2025,2,February,Q1,Wednesday,9,FY2024-25,11
2025-02-27,2025,2,February,Q1,Thursday,9,FY2024-25,11
2025-02-28,2025,2,February,Q1,Friday,9,FY2024-25,11
2025-03-01,2025,3,March,Q1,Saturday,9,FY2024-25,12
2025-03-02,2025,3,March,Q1,Sunday,9,FY2024-25,12
2025-03-03,2025,3,March,Q1,Monday,10,FY2024-25,12
2025-03-04,2025,3,March,Q1,Tuesday,10,FY2024-25,12
2025-03-05,2025,3,March,Q1,Wednesday,10,FY2024-25,12
2025-03-06,2025,3,March,Q1,Thursday,10,FY2024-25,12
2025-03-07,2025,3,March,Q1,Friday,10,FY2024-25,12
2025-03-08,2025,3,March,Q1,Saturday,10,FY2024-25,12
2025-03-09,2025,3,March,Q1,Sunday,10,FY2024-25,12
2025-03-10,2025,3,March,Q1,Monday,11,FY2024-25,12
2025-03-11,2025,3,March,Q1,Tuesday,11,FY2024-25,12
2025-03-12,2025,3,March,Q1,Wednesday,11,FY2024-25,12
2025-03-13,2025,3,March,Q1,Thursday,11,FY2024-25,12
2025-03-14,2025,3,March,Q1,Friday,11,FY2024-25,12
2025-03-15,2025,3,March,Q1,Saturday,11,FY2024-25,12
2025-03-16,2025,3,March,Q1,Sunday,11,FY2024-25,12
2025-03-17,2025,3,March,Q1,Monday,12,FY2024-25,12
2025-03-18,2025,3,March,Q1,Tuesday,12,FY2024-25,12
2025-03-19,2025,3,March,Q1,Wednesday,12,FY2024-25,12
2025-03-20,2025,3,March,Q1,Thursday,12,FY2024-25,12
2025-03-21,2025,3,March,Q1,Friday,12,FY2024-25,12
2025-03-22,2025,3,March,Q1,Saturday,12,FY2024-25,12
2025-03-23,2025,3,March,Q1,Sunday,12,FY2024-25,12
2025-03-24,2025,3,March,Q1,Monday,13,FY2024-25,12
2025-03-25,2025,3,March,Q1,Tuesday,13,FY2024-25,12
2025-03-26,2025,3,March,Q1,Wednesday,13,FY2024-25,12
2025-03-27,2025,3,March,Q1,Thursday,13,FY2024-25,12
2025-03-28,2025,3,March,Q1,Friday,13,FY2024-25,12
2025-03-29,2025,3,March,Q1,Saturday,13,FY2024-25,12
2025-03-30,2025,3,March,Q1,Sunday,13,FY2024-25,12
2025-03-31,2025,3,March,Q1,Monday,14,FY2024-25,12
2025-04-01,2025,4,April,Q2,Tuesday,14,FY2025-26,1
2025-04-02,2025,4,April,Q2,Wednesday,14,FY2025-26,1
2025-04-03,2025,4,April,Q2,Thursday,14,FY2025-26,1
2025-04-04,2025,4,April,Q2,Friday,14,FY2025-26,1
2025-04-05,2025,4,April,Q2,Saturday,14,FY2025-26,1
2025-04-06,2025,4,April,Q2,Sunday,14,FY2025-26,1
2025-04-07,2025,4,April,Q2,Monday,15,FY2025-26,1
2025-04-08,2025,4,April,Q2,Tuesday,15,FY2025-26,1
2025-04-09,2025,4,April,Q2,Wednesday,15,FY2025-26,1
2025-04-10,2025,4,April,Q2,Thursday,15,FY2025-26,1
2025-04-11,2025,4,April,Q2,Friday,15,FY2025-26,1
2025-04-12,2025,4,April,Q2,Saturday,15,FY2025-26,1
2025-04-13,2025,4,April,Q2,Sunday,15,FY2025-26,1
2025-04-14,2025,4,April,Q2,Monday,16,FY2025-26,1
2025-04-15,2025,4,April,Q2,Tuesday,16,FY2025-26,1
2025-04-16,2025,4,April,Q2,Wednesday,16,FY2025-26,1
2025-04-17,2025,4,April,Q2,Thursday,16,FY2025-26,1
2025-04-18,2025,4,April,Q2,Friday,16,FY2025-26,1
2025-04-19,2025,4,April,Q2,Saturday,16,FY2025-26,1
2025-04-20,2025,4,April,Q2,Sunday,16,FY2025-26,1
2025-04-21,2025,4,April,Q2,Monday,17,FY2025-26,1
2025-04-22,2025,4,April,Q2,Tuesday,17,FY2025-26,1
2025-04-23,2025,4,April,Q2,Wednesday,17,FY2025-26,1
2025-04-24,2025,4,April,Q2,Thursday,17,FY2025-26,1
2025-04-25,2025,4,April,Q2,Friday,17,FY2025-26,1
2025-04-26,2025,4,April,Q2,Saturday,17,FY2025-26,1
2025-04-27,2025,4,April,Q2,Sunday,17,FY2025-26,1
2025-04-28,2025,4,April,Q2,Monday,18,FY2025-26,1
2025-04-29,2025,4,April,Q2,Tuesday,18,FY2025-26,1
2025-04-30,2025,4,April,Q2,Wednesday,18,FY2025-26,1
2025-05-01,2025,5,May,Q2,Thursday,18,FY2025-26,2
2025-05-02,2025,5,May,Q2,Friday,18,FY2025-26,2
2025-05-03,2025,5,May,Q2,Saturday,18,FY2025-26,2
2025-05-04,2025,5,May,Q2,Sunday,18,FY2025-26,2
2025-05-05,2025,5,May,Q2,Monday,19,FY2025-26,2
2025-05-06,2025,5,May,Q2,Tuesday,19,FY2025-26,2
2025-05-07,2025,5,May,Q2,Wednesday,19,FY2025-26,2
2025-05-08,2025,5,May,Q2,Thursday,19,FY2025-26,2
2025-05-09,2025,5,May,Q2,Friday,19,FY2025-26,2
2025-05-10,2025,5,May,Q2,Saturday,19,FY2025-26,2
2025-05-11,2025,5,May,Q2,Sunday,19,FY2025-26,2
2025-05-12,2025,5,May,Q2,Monday,20,FY2025-26,2
2025-05-13,2025,5,May,Q2,Tuesday,20,FY2025-26,2
2025-05-14,2025,5,May,Q2,Wednesday,20,FY2025-26,2
2025-05-15,2025,5,May,Q2,Thursday,20,FY2025-26,2
2025-05-16,2025,5,May,Q2,Friday,20,FY2025-26,2
2025-05-17,2025,5,May,Q2,Saturday,20,FY2025-26,2
2025-05-18,2025,5,May,Q2,Sunday,20,FY2025-26,2
2025-05-19,2025,5,May,Q2,Monday,21,FY2025-26,2
2025-05-20,2025,5,May,Q2,Tuesday,21,FY2025-26,2
2025-05-21,2025,5,May,Q2,Wednesday,21,FY2025-26,2
2025-05-22,2025,5,May,Q2,Thursday,21,FY2025-26,2
2025-05-23,2025,5,May,Q2,Friday,21,FY2025-26,2
2025-05-24,2025,5,May,Q2,Saturday,21,FY2025-26,2
2025-05-25,2025,5,May,Q2,Sunday,21,FY2025-26,2
2025-05-26,2025,5,May,Q2,Monday,22,FY2025-26,2
2025-05-27,2025,5,May,Q2,Tuesday,22,FY2025-26,2
2025-05-28,2025,5,May,Q2,Wednesday,22,FY2025-26,2
2025-05-29,2025,5,May,Q2,Thursday,22,FY2025-26,2
2025-05-30,2025,5,May,Q2,Friday,22,FY2025-26,2
2025-05-31,2025,5,May,Q2,Saturday,22,FY2025-26,2
2025-06-01,2025,6,June,Q2,Sunday,22,FY2025-26,3
2025-06-02,2025,6,June,Q2,Monday,23,FY2025-26,3
2025-06-03,2025,6,June,Q2,Tuesday,23,FY2025-26,3
2025-06-04,2025,6,June,Q2,Wednesday,23,FY2025-26,3
2025-06-05,2025,6,June,Q2,Thursday,23,FY2025-26,3
2025-06-06,2025,6,June,Q2,Friday,23,FY2025-26,3
2025-06-07,2025,6,June,Q2,Saturday,23,FY2025-26,3
2025-06-08,2025,6,June,Q2,Sunday,23,FY2025-26,3
2025-06-09,2025,6,June,Q2,Monday,24,FY2025-26,3
2025-06-10,2025,6,June,Q2,Tuesday,24,FY2025-26,3
2025-06-11,2025,6,June,Q2,Wednesday,24,FY2025-26,3
2025-06-12,2025,6,June,Q2,Thursday,24,FY2025-26,3
2025-06-13,2025,6,June,Q2,Friday,24,FY2025-26,3
2025-06-14,2025,6,June,Q2,Saturday,24,FY2025-26,3
2025-06-15,2025,6,June,Q2,Sunday,24,FY2025-26,3
2025-06-16,2025,6,June,Q2,Monday,25,FY2025-26,3
2025-06-17,2025,6,June,Q2,Tuesday,25,FY2025-26,3
2025-06-18,2025,6,June,Q2,Wednesday,25,FY2025-26,3
2025-06-19,2025,6,June,Q2,Thursday,25,FY2025-26,3
2025-06-20,2025,6,June,Q2,Friday,25,FY2025-26,3
2025-06-21,2025,6,June,Q2,Saturday,25,FY2025-26,3
2025-06-22,2025,6,June,Q2,Sunday,25,FY2025-26,3
2025-06-23,2025,6,June,Q2,Monday,26,FY2025-26,3
2025-06-24,2025,6,June,Q2,Tuesday,26,FY2025-26,3
2025-06-25,2025,6,June,Q2,Wednesday,26,FY2025-26,3
2025-06-26,2025,6,June,Q2,Thursday,26,FY2025-26,3
2025-06-27,2025,6,June,Q2,Friday,26,FY2025-26,3
2025-06-28,2025,6,June,Q2,Saturday,26,FY2025-26,3
2025-06-29,2025,6,June,Q2,Sunday,26,FY2025-26,3
2025-06-30,2025,6,June,Q2,Monday,27,FY2025-26,3
2025-07-01,2025,7,July,Q3,Tuesday,27,FY2025-26,4
2025-07-02,2025,7,July,Q3,Wednesday,27,FY2025-26,4
2025-07-03,2025,7,July,Q3,Thursday,27,FY2025-26,4
2025-07-04,2025,7,July,Q3,Friday,27,FY2025-26,4
2025-07-05,2025,7,July,Q3,Saturday,27,FY2025-26,4
2025-07-06,2025,7,July,Q3,Sunday,27,FY2025-26,4
2025-07-07,2025,7,July,Q3,Monday,28,FY2025-26,4
2025-07-08,2025,7,July,Q3,Tuesday,28,FY2025-26,4
2025-07-09,2025,7,July,Q3,Wednesday,28,FY2025-26,4
2025-07-10,2025,7,July,Q3,Thursday,28,FY2025-26,4
2025-07-11,2025,7,July,Q3,Friday,28,FY2025-26,4
2025-07-12,2025,7,July,Q3,Saturday,28,FY2025-26,4
2025-07-13,2025,7,July,Q3,Sunday,28,FY2025-26,4
2025-07-14,2025,7,July,Q3,Monday,29,FY2025-26,4
2025-07-15,2025,7,July,Q3,Tuesday,29,FY2025-26,4
2025-07-16,2025,7,July,Q3,Wednesday,29,FY2025-26,4
2025-07-17,2025,7,July,Q3,Thursday,29,FY2025-26,4
2025-07-18,2025,7,July,Q3,Friday,29,FY2025-26,4
2025-07-19,2025,7,July,Q3,Saturday,29,FY2025-26,4
2025-07-20,2025,7,July,Q3,Sunday,29,FY2025-26,4
2025-07-21,2025,7,July,Q3,Monday,30,FY2025-26,4
2025-07-22,2025,7,July,Q3,Tuesday,30,FY2025-26,4
2025-07-23,2025,7,July,Q3,Wednesday,30,FY2025-26,4
2025-07-24,2025,7,July,Q3,Thursday,30,FY2025-26,4
2025-07-25,2025,7,July,Q3,Friday,30,FY2025-26,4
2025-07-26,2025,7,July,Q3,Saturday,30,FY2025-26,4
2025-07-27,2025,7,July,Q3,Sunday,30,FY2025-26,4
2025-07-28,2025,7,July,Q3,Monday,31,FY2025-26,4
2025-07-29,2025,7,July,Q3,Tuesday,31,FY2025-26,4
2025-07-30,2025,7,July,Q3,Wednesday,31,FY2025-26,4
2025-07-31,2025,7,July,Q3,Thursday,31,FY2025-26,4
2025-08-01,2025,8,August,Q3,Friday,31,FY2025-26,5
2025-08-02,2025,8,August,Q3,Saturday,31,FY2025-26,5
2025-08-03,2025,8,August,Q3,Sunday,31,FY2025-26,5
2025-08-04,2025,8,August,Q3,Monday,32,FY2025-26,5
2025-08-05,2025,8,August,Q3,Tuesday,32,FY2025-26,5
2025-08-06,2025,8,August,Q3,Wednesday,32,FY2025-26,5
2025-08-07,2025,8,August,Q3,Thursday,32,FY2025-26,5
2025-08-08,2025,8,August,Q3,Friday,32,FY2025-26,5
2025-08-09,2025,8,August,Q3,Saturday,32,FY2025-26,5
2025-08-10,2025,8,August,Q3,Sunday,32,FY2025-26,5
2025-08-11,2025,8,August,Q3,Monday,33,FY2025-26,5
2025-08-12,2025,8,August,Q3,Tuesday,33,FY2025-26,5
2025-08-13,2025,8,August,Q3,Wednesday,33,FY2025-26,5
2025-08-14,2025,8,August,Q3,Thursday,33,FY2025-26,5
2025-08-15,2025,8,August,Q3,Friday,33,FY2025-26,5
2025-08-16,2025,8,August,Q3,Saturday,33,FY2025-26,5
2025-08-17,2025,8,August,Q3,Sunday,33,FY2025-26,5
2025-08-18,2025,8,August,Q3,Monday,34,FY2025-26,5
2025-08-19,2025,8,August,Q3,Tuesday,34,FY2025-26,5
2025-08-20,2025,8,August,Q3,Wednesday,34,FY2025-26,5
2025-08-21,2025,8,August,Q3,Thursday,34,FY2025-26,5
2025-08-22,2025,8,August,Q3,Friday,34,FY2025-26,5
2025-08-23,2025,8,August,Q3,Saturday,34,FY2025-26,5
2025-08-24,2025,8,August,Q3,Sunday,34,FY2025-26,5
2025-08-25,2025,8,August,Q3,Monday,35,FY2025-26,5
2025-08-26,2025,8,August,Q3,Tuesday,35,FY2025-26,5
2025-08-27,2025,8,August,Q3,Wednesday,35,FY2025-26,5
2025-08-28,2025,8,August,Q3,Thursday,35,FY2025-26,5
2025-08-29,2025,8,August,Q3,Friday,35,FY2025-26,5
2025-08-30,2025,8,August,Q3,Saturday,35,FY2025-26,5
2025-08-31,2025,8,August,Q3,Sunday,35,FY2025-26,5
2025-09-01,2025,9,September,Q3,Monday,36,FY2025-26,6
2025-09-02,2025,9,September,Q3,Tuesday,36,FY2025-26,6
2025-09-03,2025,9,September,Q3,Wednesday,36,FY2025-26,6
2025-09-04,2025,9,September,Q3,Thursday,36,FY2025-26,6
2025-09-05,2025,9,September,Q3,Friday,36,FY2025-26,6
2025-09-06,2025,9,September,Q3,Saturday,36,FY2025-26,6
2025-09-07,2025,9,September,Q3,Sunday,36,FY2025-26,6
2025-09-08,2025,9,September,Q3,Monday,37,FY2025-26,6
2025-09-09,2025,9,September,Q3,Tuesday,37,FY2025-26,6
2025-09-10,2025,9,September,Q3,Wednesday,37,FY2025-26,6
2025-09-11,2025,9,September,Q3,Thursday,37,FY2025-26,6
2025-09-12,2025,9,September,Q3,Friday,37,FY2025-26,6
2025-09-13,2025,9,September,Q3,Saturday,37,FY2025-26,6
2025-09-14,2025,9,September,Q3,Sunday,37,FY2025-26,6
2025-09-15,2025,9,September,Q3,Monday,38,FY2025-26,6
2025-09-16,2025,9,September,Q3,Tuesday,38,FY2025-26,6
2025-09-17,2025,9,September,Q3,Wednesday,38,FY2025-26,6
2025-09-18,2025,9,September,Q3,Thursday,38,FY2025-26,6
2025-09-19,2025,9,September,Q3,Friday,38,FY2025-26,6
2025-09-20,2025,9,September,Q3,Saturday,38,FY2025-26,6
2025-09-21,2025,9,September,Q3,Sunday,38,FY2025-26,6
2025-09-22,2025,9,September,Q3,Monday,39,FY2025-26,6
2025-09-23,2025,9,September,Q3,Tuesday,39,FY2025-26,6
2025-09-24,2025,9,September,Q3,Wednesday,39,FY2025-26,6
2025-09-25,2025,9,September,Q3,Thursday,39,FY2025-26,6
2025-09-26,2025,9,September,Q3,Friday,39,FY2025-26,6
2025-09-27,2025,9,September,Q3,Saturday,39,FY2025-26,6
2025-09-28,2025,9,September,Q3,Sunday,39,FY2025-26,6
2025-09-29,2025,9,September,Q3,Monday,40,FY2025-26,6
2025-09-30,2025,9,September,Q3,Tuesday,40,FY2025-26,6
2025-10-01,2025,10,October,Q4,Wednesday,40,FY2025-26,7
2025-10-02,2025,10,October,Q4,Thursday,40,FY2025-26,7
2025-10-03,2025,10,October,Q4,Friday,40,FY2025-26,7
2025-10-04,2025,10,October,Q4,Saturday,40,FY2025-26,7
2025-10-05,2025,10,October,Q4,Sunday,40,FY2025-26,7
2025-10-06,2025,10,October,Q4,Monday,41,FY2025-26,7
2025-10-07,2025,10,October,Q4,Tuesday,41,FY2025-26,7
2025-10-08,2025,10,October,Q4,Wednesday,41,FY2025-26,7
2025-10-09,2025,10,October,Q4,Thursday,41,FY2025-26,7
2025-10-10,2025,10,October,Q4,Friday,41,FY2025-26,7
2025-10-11,2025,10,October,Q4,Saturday,41,FY2025-26,7
2025-10-12,2025,10,October,Q4,Sunday,41,FY2025-26,7
2025-10-13,2025,10,October,Q4,Monday,42,FY2025-26,7
2025-10-14,2025,10,October,Q4,Tuesday,42,FY2025-26,7
2025-10-15,2025,10,October,Q4,Wednesday,42,FY2025-26,7
2025-10-16,2025,10,October,Q4,Thursday,42,FY2025-26,7
2025-10-17,2025,10,October,Q4,Friday,42,FY2025-26,7
2025-10-18,2025,10,October,Q4,Saturday,42,FY2025-26,7
2025-10-19,2025,10,October,Q4,Sunday,42,FY2025-26,7
2025-10-20,2025,10,October,Q4,Monday,43,FY2025-26,7
2025-10-21,2025,10,October,Q4,Tuesday,43,FY2025-26,7
2025-10-22,2025,10,October,Q4,Wednesday,43,FY2025-26,7
2025-10-23,2025,10,October,Q4,Thursday,43,FY2025-26,7
2025-10-24,2025,10,October,Q4,Friday,43,FY2025-26,7
2025-10-25,2025,10,October,Q4,Saturday,43,FY2025-26,7
2025-10-26,2025,10,October,Q4,Sunday,43,FY2025-26,7
2025-10-27,2025,10,October,Q4,Monday,44,FY2025-26,7
2025-10-28,2025,10,October,Q4,Tuesday,44,FY2025-26,7
2025-10-29,2025,10,October,Q4,Wednesday,44,FY2025-26,7
2025-10-30,2025,10,October,Q4,Thursday,44,FY2025-26,7
2025-10-31,2025,10,October,Q4,Friday,44,FY2025-26,7
2025-11-01,2025,11,November,Q4,Saturday,44,FY2025-26,8
2025-11-02,2025,11,November,Q4,Sunday,44,FY2025-26,8
2025-11-03,2025,11,November,Q4,Monday,45,FY2025-26,8
2025-11-04,2025,11,November,Q4,Tuesday,45,FY2025-26,8
2025-11-05,2025,11,November,Q4,Wednesday,45,FY2025-26,8
2025-11-06,2025,11,November,Q4,Thursday,45,FY2025-26,8
2025-11-07,2025,11,November,Q4,Friday,45,FY2025-26,8
2025-11-08,2025,11,November,Q4,Saturday,45,FY2025-26,8
2025-11-09,2025,11,November,Q4,Sunday,45,FY2025-26,8
2025-11-10,2025,11,November,Q4,Monday,46,FY2025-26,8
2025-11-11,2025,11,November,Q4,Tuesday,46,FY2025-26,8
2025-11-12,2025,11,November,Q4,Wednesday,46,FY2025-26,8
2025-11-13,2025,11,November,Q4,Thursday,46,FY2025-26,8
2025-11-14,2025,11,November,Q4,Friday,46,FY2025-26,8
2025-11-15,2025,11,November,Q4,Saturday,46,FY2025-26,8
2025-11-16,2025,11,November,Q4,Sunday,46,FY2025-26,8
2025-11-17,2025,11,November,Q4,Monday,47,FY2025-26,8
2025-11-18,2025,11,November,Q4,Tuesday,47,FY2025-26,8
2025-11-19,2025,11,November,Q4,Wednesday,47,FY2025-26,8
2025-11-20,2025,11,November,Q4,Thursday,47,FY2025-26,8
2025-11-21,2025,11,November,Q4,Friday,47,FY2025-26,8
2025-11-22,2025,11,November,Q4,Saturday,47,FY2025-26,8
2025-11-23,2025,11,November,Q4,Sunday,47,FY2025-26,8
2025-11-24,2025,11,November,Q4,Monday,48,FY2025-26,8
2025-11-25,2025,11,November,Q4,Tuesday,48,FY2025-26,8
2025-11-26,2025,11,November,Q4,Wednesday,48,FY2025-26,8
2025-11-27,2025,11,November,Q4,Thursday,48,FY2025-26,8
2025-11-28,2025,11,November,Q4,Friday,48,FY2025-26,8
2025-11-29,2025,11,November,Q4,Saturday,48,FY2025-26,8
2025-11-30,2025,11,November,Q4,Sunday,48,FY2025-26,8
2025-12-01,2025,12,December,Q4,Monday,49,FY2025-26,9
2025-12-02,2025,12,December,Q4,Tuesday,49,FY2025-26,9
2025-12-03,2025,12,December,Q4,Wednesday,49,FY2025-26,9
2025-12-04,2025,12,December,Q4,Thursday,49,FY2025-26,9
2025-12-05,2025,12,December,Q4,Friday,49,FY2025-26,9
2025-12-06,2025,12,December,Q4,Saturday,49,FY2025-26,9
2025-12-07,2025,12,December,Q4,Sunday,49,FY2025-26,9
2025-12-08,2025,12,December,Q4,Monday,50,FY2025-26,9
2025-12-09,2025,12,December,Q4,Tuesday,50,FY2025-26,9
2025-12-10,2025,12,December,Q4,Wednesday,50,FY2025-26,9
2025-12-11,2025,12,December,Q4,Thursday,50,FY2025-26,9
2025-12-12,2025,12,December,Q4,Friday,50,FY2025-26,9
2025-12-13,2025,12,December,Q4,Saturday,50,FY2025-26,9
2025-12-14,2025,12,December,Q4,Sunday,50,FY2025-26,9
2025-12-15,2025,12,December,Q4,Monday,51,FY2025-26,9
2025-12-16,2025,12,December,Q4,Tuesday,51,FY2025-26,9
2025-12-17,2025,12,December,Q4,Wednesday,51,FY2025-26,9
2025-12-18,2025,12,December,Q4,Thursday,51,FY2025-26,9
2025-12-19,2025,12,December,Q4,Friday,51,FY2025-26,9
2025-12-20,2025,12,December,Q4,Saturday,51,FY2025-26,9
2025-12-21,2025,12,December,Q4,Sunday,51,FY2025-26,9
2025-12-22,2025,12,December,Q4,Monday,52,FY2025-26,9
2025-12-23,2025,12,December,Q4,Tuesday,52,FY2025-26,9
2025-12-24,2025,12,December,Q4,Wednesday,52,FY2025-26,9
2025-12-25,2025,12,December,Q4,Thursday,52,FY2025-26,9
2025-12-26,2025,12,December,Q4,Friday,52,FY2025-26,9
2025-12-27,2025,12,December,Q4,Saturday,52,FY2025-26,9
2025-12-28,2025,12,December,Q4,Sunday,52,FY2025-26,9
2025-12-29,2025,12,December,Q4,Monday,1,FY2025-26,9
2025-12-30,2025,12,December,Q4,Tuesday,1,FY2025-26,9
2025-12-31,2025,12,December,Q4,Wednesday,1,FY2025-26,9
2026-01-01,2026,1,January,Q1,Thursday,1,FY2025-26,10
2026-01-02,2026,1,January,Q1,Friday,1,FY2025-26,10
2026-01-03,2026,1,January,Q1,Saturday,1,FY2025-26,10
2026-01-04,2026,1,January,Q1,Sunday,1,FY2025-26,10
2026-01-05,2026,1,January,Q1,Monday,2,FY2025-26,10
2026-01-06,2026,1,January,Q1,Tuesday,2,FY2025-26,10
2026-01-07,2026,1,January,Q1,Wednesday,2,FY2025-26,10
2026-01-08,2026,1,January,Q1,Thursday,2,FY2025-26,10
2026-01-09,2026,1,January,Q1,Friday,2,FY2025-26,10
2026-01-10,2026,1,January,Q1,Saturday,2,FY2025-26,10
2026-01-11,2026,1,January,Q1,Sunday,2,FY2025-26,10
2026-01-12,2026,1,January,Q1,Monday,3,FY2025-26,10
2026-01-13,2026,1,January,Q1,Tuesday,3,FY2025-26,10
2026-01-14,2026,1,January,Q1,Wednesday,3,FY2025-26,10
2026-01-15,2026,1,January,Q1,Thursday,3,FY2025-26,10
2026-01-16,2026,1,January,Q1,Friday,3,FY2025-26,10
2026-01-17,2026,1,January,Q1,Saturday,3,FY2025-26,10
2026-01-18,2026,1,January,Q1,Sunday,3,FY2025-26,10
2026-01-19,2026,1,January,Q1,Monday,4,FY2025-26,10
2026-01-20,2026,1,January,Q1,Tuesday,4,FY2025-26,10
2026-01-21,2026,1,January,Q1,Wednesday,4,FY2025-26,10
2026-01-22,2026,1,January,Q1,Thursday,4,FY2025-26,10
2026-01-23,2026,1,January,Q1,Friday,4,FY2025-26,10
2026-01-24,2026,1,January,Q1,Saturday,4,FY2025-26,10
2026-01-25,2026,1,January,Q1,Sunday,4,FY2025-26,10
2026-01-26,2026,1,January,Q1,Monday,5,FY2025-26,10
2026-01-27,2026,1,January,Q1,Tuesday,5,FY2025-26,10
2026-01-28,2026,1,January,Q1,Wednesday,5,FY2025-26,10
2026-01-29,2026,1,January,Q1,Thursday,5,FY2025-26,10
2026-01-30,2026,1,January,Q1,Friday,5,FY2025-26,10
2026-01-31,2026,1,January,Q1,Saturday,5,FY2025-26,10
2026-02-01,2026,2,February,Q1,Sunday,5,FY2025-26,11
2026-02-02,2026,2,February,Q1,Monday,6,FY2025-26,11
2026-02-03,2026,2,February,Q1,Tuesday,6,FY2025-26,11
2026-02-04,2026,2,February,Q1,Wednesday,6,FY2025-26,11
2026-02-05,2026,2,February,Q1,Thursday,6,FY2025-26,11
2026-02-06,2026,2,February,Q1,Friday,6,FY2025-26,11
2026-02-07,2026,2,February,Q1,Saturday,6,FY2025-26,11
2026-02-08,2026,2,February,Q1,Sunday,6,FY2025-26,11
2026-02-09,2026,2,February,Q1,Monday,7,FY2025-26,11
2026-02-10,2026,2,February,Q1,Tuesday,7,FY2025-26,11
2026-02-11,2026,2,February,Q1,Wednesday,7,FY2025-26,11
2026-02-12,2026,2,February,Q1,Thursday,7,FY2025-26,11
2026-02-13,2026,2,February,Q1,Friday,7,FY2025-26,11
2026-02-14,2026,2,February,Q1,Saturday,7,FY2025-26,11
2026-02-15,2026,2,February,Q1,Sunday,7,FY2025-26,11
2026-02-16,2026,2,February,Q1,Monday,8,FY2025-26,11
2026-02-17,2026,2,February,Q1,Tuesday,8,FY2025-26,11
2026-02-18,2026,2,February,Q1,Wednesday,8,FY2025-26,11
2026-02-19,2026,2,February,Q1,Thursday,8,FY2025-26,11
2026-02-20,2026,2,February,Q1,Friday,8,FY2025-26,11
2026-02-21,2026,2,February,Q1,Saturday,8,FY2025-26,11
2026-02-22,2026,2,February,Q1,Sunday,8,FY2025-26,11
2026-02-23,2026,2,February,Q1,Monday,9,FY2025-26,11
2026-02-24,2026,2,February,Q1,Tuesday,9,FY2025-26,11
2026-02-25,2026,2,February,Q1,Wednesday,9,FY2025-26,11
2026-02-26,2026,2,February,Q1,Thursday,9,FY2025-26,11
2026-02-27,2026,2,February,Q1,Friday,9,FY2025-26,11
2026-02-28,2026,2,February,Q1,Saturday,9,FY2025-26,11
2026-03-01,2026,3,March,Q1,Sunday,9,FY2025-26,12
2026-03-02,2026,3,March,Q1,Monday,10,FY2025-26,12
2026-03-03,2026,3,March,Q1,Tuesday,10,FY2025-26,12
2026-03-04,2026,3,March,Q1,Wednesday,10,FY2025-26,12
2026-03-05,2026,3,March,Q1,Thursday,10,FY2025-26,12
2026-03-06,2026,3,March,Q1,Friday,10,FY2025-26,12
2026-03-07,2026,3,March,Q1,Saturday,10,FY2025-26,12
2026-03-08,2026,3,March,Q1,Sunday,10,FY2025-26,12
2026-03-09,2026,3,March,Q1,Monday,11,FY2025-26,12
2026-03-10,2026,3,March,Q1,Tuesday,11,FY2025-26,12
2026-03-11,2026,3,March,Q1,Wednesday,11,FY2025-26,12
2026-03-12,2026,3,March,Q1,Thursday,11,FY2025-26,12
2026-03-13,2026,3,March,Q1,Friday,11,FY2025-26,12
2026-03-14,2026,3,March,Q1,Saturday,11,FY2025-26,12
2026-03-15,2026,3,March,Q1,Sunday,11,FY2025-26,12
2026-03-16,2026,3,March,Q1,Monday,12,FY2025-26,12
2026-03-17,2026,3,March,Q1,Tuesday,12,FY2025-26,12
2026-03-18,2026,3,March,Q1,Wednesday,12,FY2025-26,12
2026-03-19,2026,3,March,Q1,Thursday,12,FY2025-26,12
2026-03-20,2026,3,March,Q1,Friday,12,FY2025-26,12
2026-03-21,2026,3,March,Q1,Saturday,12,FY2025-26,12
2026-03-22,2026,3,March,Q1,Sunday,12,FY2025-26,12
2026-03-23,2026,3,March,Q1,Monday,13,FY2025-26,12
2026-03-24,2026,3,March,Q1,Tuesday,13,FY2025-26,12
2026-03-25,2026,3,March,Q1,Wednesday,13,FY2025-26,12
2026-03-26,2026,3,March,Q1,Thursday,13,FY2025-26,12
2026-03-27,2026,3,March,Q1,Friday,13,FY2025-26,12
2026-03-28,2026,3,March,Q1,Saturday,13,FY2025-26,12
2026-03-29,2026,3,March,Q1,Sunday,13,FY2025-26,12
2026-03-30,2026,3,March,Q1,Monday,14,FY2025-26,12
2026-03-31,2026,3,March,Q1,Tuesday,14,FY2025-26,12
2026-04-01,2026,4,April,Q2,Wednesday,14,FY2026-27,1
2026-04-02,2026,4,April,Q2,Thursday,14,FY2026-27,1
2026-04-03,2026,4,April,Q2,Friday,14,FY2026-27,1
2026-04-04,2026,4,April,Q2,Saturday,14,FY2026-27,1
2026-04-05,2026,4,April,Q2,Sunday,14,FY2026-27,1
2026-04-06,2026,4,April,Q2,Monday,15,FY2026-27,1
2026-04-07,2026,4,April,Q2,Tuesday,15,FY2026-27,1
2026-04-08,2026,4,April,Q2,Wednesday,15,FY2026-27,1
2026-04-09,2026,4,April,Q2,Thursday,15,FY2026-27,1
2026-04-10,2026,4,April,Q2,Friday,15,FY2026-27,1
2026-04-11,2026,4,April,Q2,Saturday,15,FY2026-27,1
2026-04-12,2026,4,April,Q2,Sunday,15,FY2026-27,1
2026-04-13,2026,4,April,Q2,Monday,16,FY2026-27,1
2026-04-14,2026,4,April,Q2,Tuesday,16,FY2026-27,1
2026-04-15,2026,4,April,Q2,Wednesday,16,FY2026-27,1
2026-04-16,2026,4,April,Q2,Thursday,16,FY2026-27,1
2026-04-17,2026,4,April,Q2,Friday,16,FY2026-27,1
2026-04-18,2026,4,April,Q2,Saturday,16,FY2026-27,1
2026-04-19,2026,4,April,Q2,Sunday,16,FY2026-27,1
2026-04-20,2026,4,April,Q2,Monday,17,FY2026-27,1
2026-04-21,2026,4,April,Q2,Tuesday,17,FY2026-27,1
2026-04-22,2026,4,April,Q2,Wednesday,17,FY2026-27,1
2026-04-23,2026,4,April,Q2,Thursday,17,FY2026-27,1
2026-04-24,2026,4,April,Q2,Friday,17,FY2026-27,1
2026-04-25,2026,4,April,Q2,Saturday,17,FY2026-27,1
2026-04-26,2026,4,April,Q2,Sunday,17,FY2026-27,1
2026-04-27,2026,4,April,Q2,Monday,18,FY2026-27,1
2026-04-28,2026,4,April,Q2,Tuesday,18,FY2026-27,1
2026-04-29,2026,4,April,Q2,Wednesday,18,FY2026-27,1
2026-04-30,2026,4,April,Q2,Thursday,18,FY2026-27,1
2026-05-01,2026,5,May,Q2,Friday,18,FY2026-27,2
2026-05-02,2026,5,May,Q2,Saturday,18,FY2026-27,2
2026-05-03,2026,5,May,Q2,Sunday,18,FY2026-27,2
2026-05-04,2026,5,May,Q2,Monday,19,FY2026-27,2
2026-05-05,2026,5,May,Q2,Tuesday,19,FY2026-27,2
2026-05-06,2026,5,May,Q2,Wednesday,19,FY2026-27,2
2026-05-07,2026,5,May,Q2,Thursday,19,FY2026-27,2
2026-05-08,2026,5,May,Q2,Friday,19,FY2026-27,2
2026-05-09,2026,5,May,Q2,Saturday,19,FY2026-27,2
2026-05-10,2026,5,May,Q2,Sunday,19,FY2026-27,2
2026-05-11,2026,5,May,Q2,Monday,20,FY2026-27,2
2026-05-12,2026,5,May,Q2,Tuesday,20,FY2026-27,2
2026-05-13,2026,5,May,Q2,Wednesday,20,FY2026-27,2
2026-05-14,2026,5,May,Q2,Thursday,20,FY2026-27,2
2026-05-15,2026,5,May,Q2,Friday,20,FY2026-27,2
2026-05-16,2026,5,May,Q2,Saturday,20,FY2026-27,2
2026-05-17,2026,5,May,Q2,Sunday,20,FY2026-27,2
2026-05-18,2026,5,May,Q2,Monday,21,FY2026-27,2
2026-05-19,2026,5,May,Q2,Tuesday,21,FY2026-27,2
2026-05-20,2026,5,May,Q2,Wednesday,21,FY2026-27,2
2026-05-21,2026,5,May,Q2,Thursday,21,FY2026-27,2
2026-05-22,2026,5,May,Q2,Friday,21,FY2026-27,2
2026-05-23,2026,5,May,Q2,Saturday,21,FY2026-27,2
2026-05-24,2026,5,May,Q2,Sunday,21,FY2026-27,2
2026-05-25,2026,5,May,Q2,Monday,22,FY2026-27,2
2026-05-26,2026,5,May,Q2,Tuesday,22,FY2026-27,2
2026-05-27,2026,5,May,Q2,Wednesday,22,FY2026-27,2
2026-05-28,2026,5,May,Q2,Thursday,22,FY2026-27,2
2026-05-29,2026,5,May,Q2,Friday,22,FY2026-27,2
2026-05-30,2026,5,May,Q2,Saturday,22,FY2026-27,2
2026-05-31,2026,5,May,Q2,Sunday,22,FY2026-27,2
2026-06-01,2026,6,June,Q2,Monday,23,FY2026-27,3
2026-06-02,2026,6,June,Q2,Tuesday,23,FY2026-27,3
2026-06-03,2026,6,June,Q2,Wednesday,23,FY2026-27,3
2026-06-04,2026,6,June,Q2,Thursday,23,FY2026-27,3
2026-06-05,2026,6,June,Q2,Friday,23,FY2026-27,3
2026-06-06,2026,6,June,Q2,Saturday,23,FY2026-27,3
2026-06-07,2026,6,June,Q2,Sunday,23,FY2026-27,3
2026-06-08,2026,6,June,Q2,Monday,24,FY2026-27,3
2026-06-09,2026,6,June,Q2,Tuesday,24,FY2026-27,3
2026-06-10,2026,6,June,Q2,Wednesday,24,FY2026-27,3
2026-06-11,2026,6,June,Q2,Thursday,24,FY2026-27,3
2026-06-12,2026,6,June,Q2,Friday,24,FY2026-27,3
2026-06-13,2026,6,June,Q2,Saturday,24,FY2026-27,3
2026-06-14,2026,6,June,Q2,Sunday,24,FY2026-27,3
2026-06-15,2026,6,June,Q2,Monday,25,FY2026-27,3
2026-06-16,2026,6,June,Q2,Tuesday,25,FY2026-27,3
2026-06-17,2026,6,June,Q2,Wednesday,25,FY2026-27,3
2026-06-18,2026,6,June,Q2,Thursday,25,FY2026-27,3
2026-06-19,2026,6,June,Q2,Friday,25,FY2026-27,3
2026-06-20,2026,6,June,Q2,Saturday,25,FY2026-27,3
2026-06-21,2026,6,June,Q2,Sunday,25,FY2026-27,3
2026-06-22,2026,6,June,Q2,Monday,26,FY2026-27,3
2026-06-23,2026,6,June,Q2,Tuesday,26,FY2026-27,3
2026-06-24,2026,6,June,Q2,Wednesday,26,FY2026-27,3
2026-06-25,2026,6,June,Q2,Thursday,26,FY2026-27,3
2026-06-26,2026,6,June,Q2,Friday,26,FY2026-27,3
2026-06-27,2026,6,June,Q2,Saturday,26,FY2026-27,3
2026-06-28,2026,6,June,Q2,Sunday,26,FY2026-27,3
2026-06-29,2026,6,June,Q2,Monday,27,FY2026-27,3
2026-06-30,2026,6,June,Q2,Tuesday,27,FY2026-27,3
2026-07-01,2026,7,July,Q3,Wednesday,27,FY2026-27,4
2026-07-02,2026,7,July,Q3,Thursday,27,FY2026-27,4
2026-07-03,2026,7,July,Q3,Friday,27,FY2026-27,4
2026-07-04,2026,7,July,Q3,Saturday,27,FY2026-27,4
2026-07-05,2026,7,July,Q3,Sunday,27,FY2026-27,4
2026-07-06,2026,7,July,Q3,Monday,28,FY2026-27,4
2026-07-07,2026,7,July,Q3,Tuesday,28,FY2026-27,4
2026-07-08,2026,7,July,Q3,Wednesday,28,FY2026-27,4
2026-07-09,2026,7,July,Q3,Thursday,28,FY2026-27,4
2026-07-10,2026,7,July,Q3,Friday,28,FY2026-27,4
2026-07-11,2026,7,July,Q3,Saturday,28,FY2026-27,4
2026-07-12,2026,7,July,Q3,Sunday,28,FY2026-27,4
2026-07-13,2026,7,July,Q3,Monday,29,FY2026-27,4
2026-07-14,2026,7,July,Q3,Tuesday,29,FY2026-27,4
2026-07-15,2026,7,July,Q3,Wednesday,29,FY2026-27,4
2026-07-16,2026,7,July,Q3,Thursday,29,FY2026-27,4
2026-07-17,2026,7,July,Q3,Friday,29,FY2026-27,4
2026-07-18,2026,7,July,Q3,Saturday,29,FY2026-27,4
2026-07-19,2026,7,July,Q3,Sunday,29,FY2026-27,4
2026-07-20,2026,7,July,Q3,Monday,30,FY2026-27,4
2026-07-21,2026,7,July,Q3,Tuesday,30,FY2026-27,4
2026-07-22,2026,7,July,Q3,Wednesday,30,FY2026-27,4
2026-07-23,2026,7,July,Q3,Thursday,30,FY2026-27,4
2026-07-24,2026,7,July,Q3,Friday,30,FY2026-27,4
2026-07-25,2026,7,July,Q3,Saturday,30,FY2026-27,4
2026-07-26,2026,7,July,Q3,Sunday,30,FY2026-27,4
2026-07-27,2026,7,July,Q3,Monday,31,FY2026-27,4
2026-07-28,2026,7,July,Q3,Tuesday,31,FY2026-27,4
2026-07-29,2026,7,July,Q3,Wednesday,31,FY2026-27,4
2026-07-30,2026,7,July,Q3,Thursday,31,FY2026-27,4
2026-07-31,2026,7,July,Q3,Friday,31,FY2026-27,4
2026-08-01,2026,8,August,Q3,Saturday,31,FY2026-27,5
2026-08-02,2026,8,August,Q3,Sunday,31,FY2026-27,5
2026-08-03,2026,8,August,Q3,Monday,32,FY2026-27,5
2026-08-04,2026,8,August,Q3,Tuesday,32,FY2026-27,5
2026-08-05,2026,8,August,Q3,Wednesday,32,FY2026-27,5
2026-08-06,2026,8,August,Q3,Thursday,32,FY2026-27,5
2026-08-07,2026,8,August,Q3,Friday,32,FY2026-27,5
2026-08-08,2026,8,August,Q3,Saturday,32,FY2026-27,5
2026-08-09,2026,8,August,Q3,Sunday,32,FY2026-27,5
2026-08-10,2026,8,August,Q3,Monday,33,FY2026-27,5
2026-08-11,2026,8,August,Q3,Tuesday,33,FY2026-27,5
2026-08-12,2026,8,August,Q3,Wednesday,33,FY2026-27,5
2026-08-13,2026,8,August,Q3,Thursday,33,FY2026-27,5
2026-08-14,2026,8,August,Q3,Friday,33,FY2026-27,5
2026-08-15,2026,8,August,Q3,Saturday,33,FY2026-27,5
2026-08-16,2026,8,August,Q3,Sunday,33,FY2026-27,5
2026-08-17,2026,8,August,Q3,Monday,34,FY2026-27,5
2026-08-18,2026,8,August,Q3,Tuesday,34,FY2026-27,5
2026-08-19,2026,8,August,Q3,Wednesday,34,FY2026-27,5
2026-08-20,2026,8,August,Q3,Thursday,34,FY2026-27,5
2026-08-21,2026,8,August,Q3,Friday,34,FY2026-27,5
2026-08-22,2026,8,August,Q3,Saturday,34,FY2026-27,5
2026-08-23,2026,8,August,Q3,Sunday,34,FY2026-27,5
2026-08-24,2026,8,August,Q3,Monday,35,FY2026-27,5
2026-08-25,2026,8,August,Q3,Tuesday,35,FY2026-27,5
2026-08-26,2026,8,August,Q3,Wednesday,35,FY2026-27,5
2026-08-27,2026,8,August,Q3,Thursday,35,FY2026-27,5
2026-08-28,2026,8,August,Q3,Friday,35,FY2026-27,5
2026-08-29,2026,8,August,Q3,Saturday,35,FY2026-27,5
2026-08-30,2026,8,August,Q3,Sunday,35,FY2026-27,5
2026-08-31,2026,8,August,Q3,Monday,36,FY2026-27,5
2026-09-01,2026,9,September,Q3,Tuesday,36,FY2026-27,6
2026-09-02,2026,9,September,Q3,Wednesday,36,FY2026-27,6
2026-09-03,2026,9,September,Q3,Thursday,36,FY2026-27,6
2026-09-04,2026,9,September,Q3,Friday,36,FY2026-27,6
2026-09-05,2026,9,September,Q3,Saturday,36,FY2026-27,6
2026-09-06,2026,9,September,Q3,Sunday,36,FY2026-27,6
2026-09-07,2026,9,September,Q3,Monday,37,FY2026-27,6
2026-09-08,2026,9,September,Q3,Tuesday,37,FY2026-27,6
2026-09-09,2026,9,September,Q3,Wednesday,37,FY2026-27,6
2026-09-10,2026,9,September,Q3,Thursday,37,FY2026-27,6
2026-09-11,2026,9,September,Q3,Friday,37,FY2026-27,6
2026-09-12,2026,9,September,Q3,Saturday,37,FY2026-27,6
2026-09-13,2026,9,September,Q3,Sunday,37,FY2026-27,6
2026-09-14,2026,9,September,Q3,Monday,38,FY2026-27,6
2026-09-15,2026,9,September,Q3,Tuesday,38,FY2026-27,6
2026-09-16,2026,9,September,Q3,Wednesday,38,FY2026-27,6
2026-09-17,2026,9,September,Q3,Thursday,38,FY2026-27,6
2026-09-18,2026,9,September,Q3,Friday,38,FY2026-27,6
2026-09-19,2026,9,September,Q3,Saturday,38,FY2026-27,6
2026-09-20,2026,9,September,Q3,Sunday,38,FY2026-27,6
2026-09-21,2026,9,September,Q3,Monday,39,FY2026-27,6
2026-09-22,2026,9,September,Q3,Tuesday,39,FY2026-27,6
2026-09-23,2026,9,September,Q3,Wednesday,39,FY2026-27,6
2026-09-24,2026,9,September,Q3,Thursday,39,FY2026-27,6
2026-09-25,2026,9,September,Q3,Friday,39,FY2026-27,6
2026-09-26,2026,9,September,Q3,Saturday,39,FY2026-27,6
2026-09-27,2026,9,September,Q3,Sunday,39,FY2026-27,6
2026-09-28,2026,9,September,Q3,Monday,40,FY2026-27,6
2026-09-29,2026,9,September,Q3,Tuesday,40,FY2026-27,6
2026-09-30,2026,9,September,Q3,Wednesday,40,FY2026-27,6
2026-10-01,2026,10,October,Q4,Thursday,40,FY2026-27,7
2026-10-02,2026,10,October,Q4,Friday,40,FY2026-27,7
2026-10-03,2026,10,October,Q4,Saturday,40,FY2026-27,7
2026-10-04,2026,10,October,Q4,Sunday,40,FY2026-27,7
2026-10-05,2026,10,October,Q4,Monday,41,FY2026-27,7
2026-10-06,2026,10,October,Q4,Tuesday,41,FY2026-27,7
2026-10-07,2026,10,October,Q4,Wednesday,41,FY2026-27,7
2026-10-08,2026,10,October,Q4,Thursday,41,FY2026-27,7
2026-10-09,2026,10,October,Q4,Friday,41,FY2026-27,7
2026-10-10,2026,10,October,Q4,Saturday,41,FY2026-27,7
2026-10-11,2026,10,October,Q4,Sunday,41,FY2026-27,7
2026-10-12,2026,10,October,Q4,Monday,42,FY2026-27,7
2026-10-13,2026,10,October,Q4,Tuesday,42,FY2026-27,7
2026-10-14,2026,10,October,Q4,Wednesday,42,FY2026-27,7
2026-10-15,2026,10,October,Q4,Thursday,42,FY2026-27,7
2026-10-16,2026,10,October,Q4,Friday,42,FY2026-27,7
2026-10-17,2026,10,October,Q4,Saturday,42,FY2026-27,7
2026-10-18,2026,10,October,Q4,Sunday,42,FY2026-27,7
2026-10-19,2026,10,October,Q4,Monday,43,FY2026-27,7
2026-10-20,2026,10,October,Q4,Tuesday,43,FY2026-27,7
2026-10-21,2026,10,October,Q4,Wednesday,43,FY2026-27,7
2026-10-22,2026,10,October,Q4,Thursday,43,FY2026-27,7
2026-10-23,2026,10,October,Q4,Friday,43,FY2026-27,7
2026-10-24,2026,10,October,Q4,Saturday,43,FY2026-27,7
2026-10-25,2026,10,October,Q4,Sunday,43,FY2026-27,7
2026-10-26,2026,10,October,Q4,Monday,44,FY2026-27,7
2026-10-27,2026,10,October,Q4,Tuesday,44,FY2026-27,7
2026-10-28,2026,10,October,Q4,Wednesday,44,FY2026-27,7
2026-10-29,2026,10,October,Q4,Thursday,44,FY2026-27,7
2026-10-30,2026,10,October,Q4,Friday,44,FY2026-27,7
2026-10-31,2026,10,October,Q4,Saturday,44,FY2026-27,7
2026-11-01,2026,11,November,Q4,Sunday,44,FY2026-27,8
2026-11-02,2026,11,November,Q4,Monday,45,FY2026-27,8
2026-11-03,2026,11,November,Q4,Tuesday,45,FY2026-27,8
2026-11-04,2026,11,November,Q4,Wednesday,45,FY2026-27,8
2026-11-05,2026,11,November,Q4,Thursday,45,FY2026-27,8
2026-11-06,2026,11,November,Q4,Friday,45,FY2026-27,8
2026-11-07,2026,11,November,Q4,Saturday,45,FY2026-27,8
2026-11-08,2026,11,November,Q4,Sunday,45,FY2026-27,8
2026-11-09,2026,11,November,Q4,Monday,46,FY2026-27,8
2026-11-10,2026,11,November,Q4,Tuesday,46,FY2026-27,8
2026-11-11,2026,11,November,Q4,Wednesday,46,FY2026-27,8
2026-11-12,2026,11,November,Q4,Thursday,46,FY2026-27,8
2026-11-13,2026,11,November,Q4,Friday,46,FY2026-27,8
2026-11-14,2026,11,November,Q4,Saturday,46,FY2026-27,8
2026-11-15,2026,11,November,Q4,Sunday,46,FY2026-27,8
2026-11-16,2026,11,November,Q4,Monday,47,FY2026-27,8
2026-11-17,2026,11,November,Q4,Tuesday,47,FY2026-27,8
2026-11-18,2026,11,November,Q4,Wednesday,47,FY2026-27,8
2026-11-19,2026,11,November,Q4,Thursday,47,FY2026-27,8
2026-11-20,2026,11,November,Q4,Friday,47,FY2026-27,8
2026-11-21,2026,11,November,Q4,Saturday,47,FY2026-27,8
2026-11-22,2026,11,November,Q4,Sunday,47,FY2026-27,8
2026-11-23,2026,11,November,Q4,Monday,48,FY2026-27,8
2026-11-24,2026,11,November,Q4,Tuesday,48,FY2026-27,8
2026-11-25,2026,11,November,Q4,Wednesday,48,FY2026-27,8
2026-11-26,2026,11,November,Q4,Thursday,48,FY2026-27,8
2026-11-27,2026,11,November,Q4,Friday,48,FY2026-27,8
2026-11-28,2026,11,November,Q4,Saturday,48,FY2026-27,8
2026-11-29,2026,11,November,Q4,Sunday,48,FY2026-27,8
2026-11-30,2026,11,November,Q4,Monday,49,FY2026-27,8
2026-12-01,2026,12,December,Q4,Tuesday,49,FY2026-27,9
2026-12-02,2026,12,December,Q4,Wednesday,49,FY2026-27,9
2026-12-03,2026,12,December,Q4,Thursday,49,FY2026-27,9
2026-12-04,2026,12,December,Q4,Friday,49,FY2026-27,9
2026-12-05,2026,12,December,Q4,Saturday,49,FY2026-27,9
2026-12-06,2026,12,December,Q4,Sunday,49,FY2026-27,9
2026-12-07,2026,12,December,Q4,Monday,50,FY2026-27,9
2026-12-08,2026,12,December,Q4,Tuesday,50,FY2026-27,9
2026-12-09,2026,12,December,Q4,Wednesday,50,FY2026-27,9
2026-12-10,2026,12,December,Q4,Thursday,50,FY2026-27,9
2026-12-11,2026,12,December,Q4,Friday,50,FY2026-27,9
2026-12-12,2026,12,December,Q4,Saturday,50,FY2026-27,9
2026-12-13,2026,12,December,Q4,Sunday,50,FY2026-27,9
2026-12-14,2026,12,December,Q4,Monday,51,FY2026-27,9
2026-12-15,2026,12,December,Q4,Tuesday,51,FY2026-27,9
2026-12-16,2026,12,December,Q4,Wednesday,51,FY2026-27,9
2026-12-17,2026,12,December,Q4,Thursday,51,FY2026-27,9
2026-12-18,2026,12,December,Q4,Friday,51,FY2026-27,9
2026-12-19,2026,12,December,Q4,Saturday,51,FY2026-27,9
2026-12-20,2026,12,December,Q4,Sunday,51,FY2026-27,9
2026-12-21,2026,12,December,Q4,Monday,52,FY2026-27,9
2026-12-22,2026,12,December,Q4,Tuesday,52,FY2026-27,9
2026-12-23,2026,12,December,Q4,Wednesday,52,FY2026-27,9
2026-12-24,2026,12,December,Q4,Thursday,52,FY2026-27,9
2026-12-25,2026,12,December,Q4,Friday,52,FY2026-27,9
2026-12-26,2026,12,December,Q4,Saturday,52,FY2026-27,9
2026-12-27,2026,12,December,Q4,Sunday,52,FY2026-27,9
2026-12-28,2026,12,December,Q4,Monday,53,FY2026-27,9
2026-12-29,2026,12,December,Q4,Tuesday,53,FY2026-27,9
2026-12-30,2026,12,December,Q4,Wednesday,53,FY2026-27,9
2026-12-31,2026,12,December,Q4,Thursday,53,FY2026-27,9
