Date,DayName,DayOfMonth,MonthNumber,MonthName,Quarter,WeekNumber,IsWorkingDay,IsHoliday,FinancialYear,FinancialMonthNumber
2026-01-01,Thursday,1,1,January,Q1,1,1,0,FY2025-26,10
2026-01-02,Friday,2,1,January,Q1,1,1,0,FY2025-26,10
2026-01-03,Saturday,3,1,January,Q1,1,0,0,FY2025-26,10
2026-01-04,Sunday,4,1,January,Q1,1,0,0,FY2025-26,10
2026-01-05,Monday,5,1,January,Q1,2,1,0,FY2025-26,10
2026-01-06,Tuesday,6,1,January,Q1,2,1,0,FY2025-26,10
2026-01-07,Wednesday,7,1,January,Q1,2,1,0,FY2025-26,10
2026-01-08,Thursday,8,1,January,Q1,2,1,0,FY2025-26,10
2026-01-09,Friday,9,1,January,Q1,2,1,0,FY2025-26,10
2026-01-10,Saturday,10,1,January,Q1,2,0,0,FY2025-26,10
2026-01-11,Sunday,11,1,January,Q1,2,0,0,FY2025-26,10
2026-01-12,Monday,12,1,January,Q1,3,1,0,FY2025-26,10
2026-01-13,Tuesday,13,1,January,Q1,3,1,0,FY2025-26,10
2026-01-14,Wednesday,14,1,January,Q1,3,1,0,FY2025-26,10
2026-01-15,Thursday,15,1,January,Q1,3,1,0,FY2025-26,10
2026-01-16,Friday,16,1,January,Q1,3,1,0,FY2025-26,10
2026-01-17,Saturday,17,1,January,Q1,3,0,0,FY2025-26,10
2026-01-18,Sunday,18,1,January,Q1,3,0,0,FY2025-26,10
2026-01-19,Monday,19,1,January,Q1,4,1,0,FY2025-26,10
2026-01-20,Tuesday,20,1,January,Q1,4,1,0,FY2025-26,10
2026-01-21,Wednesday,21,1,January,Q1,4,1,0,FY2025-26,10
2026-01-22,Thursday,22,1,January,Q1,4,1,0,FY2025-26,10
2026-01-23,Friday,23,1,January,Q1,4,1,0,FY2025-26,10
2026-01-24,Saturday,24,1,January,Q1,4,0,0,FY2025-26,10
2026-01-25,Sunday,25,1,January,Q1,4,0,0,FY2025-26,10
2026-01-26,Monday,26,1,January,Q1,5,1,1,FY2025-26,10
2026-01-27,Tuesday,27,1,January,Q1,5,1,0,FY2025-26,10
2026-01-28,Wednesday,28,1,January,Q1,5,1,0,FY2025-26,10
2026-01-29,Thursday,29,1,January,Q1,5,1,0,FY2025-26,10
2026-01-30,Friday,30,1,January,Q1,5,1,0,FY2025-26,10
2026-01-31,Saturday,31,1,January,Q1,5,0,0,FY2025-26,10
2026-02-01,Sunday,1,2,February,Q1,5,0,0,FY2025-26,11
2026-02-02,Monday,2,2,February,Q1,6,1,0,FY2025-26,11
2026-02-03,Tuesday,3,2,February,Q1,6,1,0,FY2025-26,11
2026-02-04,Wednesday,4,2,February,Q1,6,1,0,FY2025-26,11
2026-02-05,Thursday,5,2,February,Q1,6,1,0,FY2025-26,11
2026-02-06,Friday,6,2,February,Q1,6,1,0,FY2025-26,11
2026-02-07,Saturday,7,2,February,Q1,6,0,0,FY2025-26,11
2026-02-08,Sunday,8,2,February,Q1,6,0,0,FY2025-26,11
2026-02-09,Monday,9,2,February,Q1,7,1,0,FY2025-26,11
2026-02-10,Tuesday,10,2,February,Q1,7,1,0,FY2025-26,11
2026-02-11,Wednesday,11,2,February,Q1,7,1,0,FY2025-26,11
2026-02-12,Thursday,12,2,February,Q1,7,1,0,FY2025-26,11
2026-02-13,Friday,13,2,February,Q1,7,1,0,FY2025-26,11
2026-02-14,Saturday,14,2,February,Q1,7,0,0,FY2025-26,11
2026-02-15,Sunday,15,2,February,Q1,7,0,0,FY2025-26,11
2026-02-16,Monday,16,2,February,Q1,8,1,0,FY2025-26,11
2026-02-17,Tuesday,17,2,February,Q1,8,1,0,FY2025-26,11
2026-02-18,Wednesday,18,2,February,Q1,8,1,0,FY2025-26,11
2026-02-19,Thursday,19,2,February,Q1,8,1,0,FY2025-26,11
2026-02-20,Friday,20,2,February,Q1,8,1,0,FY2025-26,11
2026-02-21,Saturday,21,2,February,Q1,8,0,0,FY2025-26,11
2026-02-22,Sunday,22,2,February,Q1,8,0,0,FY2025-26,11
2026-02-23,Monday,23,2,February,Q1,9,1,0,FY2025-26,11
2026-02-24,Tuesday,24,2,February,Q1,9,1,0,FY2025-26,11
2026-02-25,Wednesday,25,2,February,Q1,9,1,0,FY2025-26,11
2026-02-26,Thursday,26,2,February,Q1,9,1,0,FY2025-26,11
2026-02-27,Friday,27,2,February,Q1,9,1,0,FY2025-26,11
2026-02-28,Saturday,28,2,February,Q1,9,0,0,FY2025-26,11
2026-03-01,Sunday,1,3,March,Q1,9,0,0,FY2025-26,12
2026-03-02,Monday,2,3,March,Q1,10,1,0,FY2025-26,12
2026-03-03,Tuesday,3,3,March,Q1,10,1,0,FY2025-26,12
2026-03-04,Wednesday,4,3,March,Q1,10,1,0,FY2025-26,12
2026-03-05,Thursday,5,3,March,Q1,10,1,0,FY2025-26,12
2026-03-06,Friday,6,3,March,Q1,10,1,0,FY2025-26,12
2026-03-07,Saturday,7,3,March,Q1,10,0,0,FY2025-26,12
2026-03-08,Sunday,8,3,March,Q1,10,0,0,FY2025-26,12
2026-03-09,Monday,9,3,March,Q1,11,1,0,FY2025-26,12
2026-03-10,Tuesday,10,3,March,Q1,11,1,0,FY2025-26,12
2026-03-11,Wednesday,11,3,March,Q1,11,1,0,FY2025-26,12
2026-03-12,Thursday,12,3,March,Q1,11,1,0,FY2025-26,12
2026-03-13,Friday,13,3,March,Q1,11,1,0,FY2025-26,12
2026-03-14,Saturday,14,3,March,Q1,11,0,0,FY2025-26,12
2026-03-15,Sunday,15,3,March,Q1,11,0,0,FY2025-26,12
2026-03-16,Monday,16,3,March,Q1,12,1,0,FY2025-26,12
2026-03-17,Tuesday,17,3,March,Q1,12,1,0,FY2025-26,12
2026-03-18,Wednesday,18,3,March,Q1,12,1,0,FY2025-26,12
2026-03-19,Thursday,19,3,March,Q1,12,1,0,FY2025-26,12
2026-03-20,Friday,20,3,March,Q1,12,1,0,FY2025-26,12
2026-03-21,Saturday,21,3,March,Q1,12,0,0,FY2025-26,12
2026-03-22,Sunday,22,3,March,Q1,12,0,0,FY2025-26,12
2026-03-23,Monday,23,3,March,Q1,13,1,0,FY2025-26,12
2026-03-24,Tuesday,24,3,March,Q1,13,1,0,FY2025-26,12
2026-03-25,Wednesday,25,3,March,Q1,13,1,0,FY2025-26,12
2026-03-26,Thursday,26,3,March,Q1,13,1,0,FY2025-26,12
2026-03-27,Friday,27,3,March,Q1,13,1,0,FY2025-26,12
2026-03-28,Saturday,28,3,March,Q1,13,0,0,FY2025-26,12
2026-03-29,Sunday,29,3,March,Q1,13,0,0,FY2025-26,12
2026-03-30,Monday,30,3,March,Q1,14,1,0,FY2025-26,12
2026-03-31,Tuesday,31,3,March,Q1,14,1,0,FY2025-26,12
2026-04-01,Wednesday,1,4,April,Q2,14,1,0,FY2026-27,1
2026-04-02,Thursday,2,4,April,Q2,14,1,0,FY2026-27,1
2026-04-03,Friday,3,4,April,Q2,14,1,0,FY2026-27,1
2026-04-04,Saturday,4,4,April,Q2,14,0,0,FY2026-27,1
2026-04-05,Sunday,5,4,April,Q2,14,0,0,FY2026-27,1
2026-04-06,Monday,6,4,April,Q2,15,1,0,FY2026-27,1
2026-04-07,Tuesday,7,4,April,Q2,15,1,0,FY2026-27,1
2026-04-08,Wednesday,8,4,April,Q2,15,1,0,FY2026-27,1
2026-04-09,Thursday,9,4,April,Q2,15,1,0,FY2026-27,1
2026-04-10,Friday,10,4,April,Q2,15,1,0,FY2026-27,1
2026-04-11,Saturday,11,4,April,Q2,15,0,0,FY2026-27,1
2026-04-12,Sunday,12,4,April,Q2,15,0,0,FY2026-27,1
2026-04-13,Monday,13,4,April,Q2,16,1,0,FY2026-27,1
2026-04-14,Tuesday,14,4,April,Q2,16,1,0,FY2026-27,1
2026-04-15,Wednesday,15,4,April,Q2,16,1,0,FY2026-27,1
2026-04-16,Thursday,16,4,April,Q2,16,1,0,FY2026-27,1
2026-04-17,Friday,17,4,April,Q2,16,1,0,FY2026-27,1
2026-04-18,Saturday,18,4,April,Q2,16,0,0,FY2026-27,1
2026-04-19,Sunday,19,4,April,Q2,16,0,0,FY2026-27,1
2026-04-20,Monday,20,4,April,Q2,17,1,0,FY2026-27,1
2026-04-21,Tuesday,21,4,April,Q2,17,1,0,FY2026-27,1
2026-04-22,Wednesday,22,4,April,Q2,17,1,0,FY2026-27,1
2026-04-23,Thursday,23,4,April,Q2,17,1,0,FY2026-27,1
2026-04-24,Friday,24,4,April,Q2,17,1,0,FY2026-27,1
2026-04-25,Saturday,25,4,April,Q2,17,0,0,FY2026-27,1
2026-04-26,Sunday,26,4,April,Q2,17,0,0,FY2026-27,1
2026-04-27,Monday,27,4,April,Q2,18,1,0,FY2026-27,1
2026-04-28,Tuesday,28,4,April,Q2,18,1,0,FY2026-27,1
2026-04-29,Wednesday,29,4,April,Q2,18,1,0,FY2026-27,1
2026-04-30,Thursday,30,4,April,Q2,18,1,0,FY2026-27,1
2026-05-01,Friday,1,5,May,Q2,18,1,0,FY2026-27,2
2026-05-02,Saturday,2,5,May,Q2,18,0,0,FY2026-27,2
2026-05-03,Sunday,3,5,May,Q2,18,0,0,FY2026-27,2
2026-05-04,Monday,4,5,May,Q2,19,1,0,FY2026-27,2
2026-05-05,Tuesday,5,5,May,Q2,19,1,0,FY2026-27,2
2026-05-06,Wednesday,6,5,May,Q2,19,1,0,FY2026-27,2
2026-05-07,Thursday,7,5,May,Q2,19,1,0,FY2026-27,2
2026-05-08,Friday,8,5,May,Q2,19,1,0,FY2026-27,2
2026-05-09,Saturday,9,5,May,Q2,19,0,0,FY2026-27,2
2026-05-10,Sunday,10,5,May,Q2,19,0,0,FY2026-27,2
2026-05-11,Monday,11,5,May,Q2,20,1,0,FY2026-27,2
2026-05-12,Tuesday,12,5,May,Q2,20,1,0,FY2026-27,2
2026-05-13,Wednesday,13,5,May,Q2,20,1,0,FY2026-27,2
2026-05-14,Thursday,14,5,May,Q2,20,1,0,FY2026-27,2
2026-05-15,Friday,15,5,May,Q2,20,1,0,FY2026-27,2
2026-05-16,Saturday,16,5,May,Q2,20,0,0,FY2026-27,2
2026-05-17,Sunday,17,5,May,Q2,20,0,0,FY2026-27,2
2026-05-18,Monday,18,5,May,Q2,21,1,0,FY2026-27,2
2026-05-19,Tuesday,19,5,May,Q2,21,1,0,FY2026-27,2
2026-05-20,Wednesday,20,5,May,Q2,21,1,0,FY2026-27,2
2026-05-21,Thursday,21,5,May,Q2,21,1,0,FY2026-27,2
2026-05-22,Friday,22,5,May,Q2,21,1,0,FY2026-27,2
2026-05-23,Saturday,23,5,May,Q2,21,0,0,FY2026-27,2
2026-05-24,Sunday,24,5,May,Q2,21,0,0,FY2026-27,2
2026-05-25,Monday,25,5,May,Q2,22,1,0,FY2026-27,2
2026-05-26,Tuesday,26,5,May,Q2,22,1,0,FY2026-27,2
2026-05-27,Wednesday,27,5,May,Q2,22,1,0,FY2026-27,2
2026-05-28,Thursday,28,5,May,Q2,22,1,0,FY2026-27,2
2026-05-29,Friday,29,5,May,Q2,22,1,0,FY2026-27,2
2026-05-30,Saturday,30,5,May,Q2,22,0,0,FY2026-27,2
2026-05-31,Sunday,31,5,May,Q2,22,0,0,FY2026-27,2
2026-06-01,Monday,1,6,June,Q2,23,1,0,FY2026-27,3
2026-06-02,Tuesday,2,6,June,Q2,23,1,0,FY2026-27,3
2026-06-03,Wednesday,3,6,June,Q2,23,1,0,FY2026-27,3
2026-06-04,Thursday,4,6,June,Q2,23,1,0,FY2026-27,3
2026-06-05,Friday,5,6,June,Q2,23,1,0,FY2026-27,3
2026-06-06,Saturday,6,6,June,Q2,23,0,0,FY2026-27,3
2026-06-07,Sunday,7,6,June,Q2,23,0,0,FY2026-27,3
2026-06-08,Monday,8,6,June,Q2,24,1,0,FY2026-27,3
2026-06-09,Tuesday,9,6,June,Q2,24,1,0,FY2026-27,3
2026-06-10,Wednesday,10,6,June,Q2,24,1,0,FY2026-27,3
2026-06-11,Thursday,11,6,June,Q2,24,1,0,FY2026-27,3
2026-06-12,Friday,12,6,June,Q2,24,1,0,FY2026-27,3
2026-06-13,Saturday,13,6,June,Q2,24,0,0,FY2026-27,3
2026-06-14,Sunday,14,6,June,Q2,24,0,0,FY2026-27,3
2026-06-15,Monday,15,6,June,Q2,25,1,0,FY2026-27,3
2026-06-16,Tuesday,16,6,June,Q2,25,1,0,FY2026-27,3
2026-06-17,Wednesday,17,6,June,Q2,25,1,0,FY2026-27,3
2026-06-18,Thursday,18,6,June,Q2,25,1,0,FY2026-27,3
2026-06-19,Friday,19,6,June,Q2,25,1,0,FY2026-27,3
2026-06-20,Saturday,20,6,June,Q2,25,0,0,FY2026-27,3
2026-06-21,Sunday,21,6,June,Q2,25,0,0,FY2026-27,3
2026-06-22,Monday,22,6,June,Q2,26,1,0,FY2026-27,3
2026-06-23,Tuesday,23,6,June,Q2,26,1,0,FY2026-27,3
2026-06-24,Wednesday,24,6,June,Q2,26,1,0,FY2026-27,3
2026-06-25,Thursday,25,6,June,Q2,26,1,0,FY2026-27,3
2026-06-26,Friday,26,6,June,Q2,26,1,0,FY2026-27,3
2026-06-27,Saturday,27,6,June,Q2,26,0,0,FY2026-27,3
2026-06-28,Sunday,28,6,June,Q2,26,0,0,FY2026-27,3
2026-06-29,Monday,29,6,June,Q2,27,1,0,FY2026-27,3
2026-06-30,Tuesday,30,6,June,Q2,27,1,0,FY2026-27,3
2026-07-01,Wednesday,1,7,July,Q3,27,1,0,FY2026-27,4
2026-07-02,Thursday,2,7,July,Q3,27,1,0,FY2026-27,4
2026-07-03,Friday,3,7,July,Q3,27,1,0,FY2026-27,4
2026-07-04,Saturday,4,7,July,Q3,27,0,0,FY2026-27,4
2026-07-05,Sunday,5,7,July,Q3,27,0,0,FY2026-27,4
2026-07-06,Monday,6,7,July,Q3,28,1,0,FY2026-27,4
2026-07-07,Tuesday,7,7,July,Q3,28,1,0,FY2026-27,4
2026-07-08,Wednesday,8,7,July,Q3,28,1,0,FY2026-27,4
2026-07-09,Thursday,9,7,July,Q3,28,1,0,FY2026-27,4
2026-07-10,Friday,10,7,July,Q3,28,1,0,FY2026-27,4
2026-07-11,Saturday,11,7,July,Q3,28,0,0,FY2026-27,4
2026-07-12,Sunday,12,7,July,Q3,28,0,0,FY2026-27,4
2026-07-13,Monday,13,7,July,Q3,29,1,0,FY2026-27,4
2026-07-14,Tuesday,14,7,July,Q3,29,1,0,FY2026-27,4
2026-07-15,Wednesday,15,7,July,Q3,29,1,0,FY2026-27,4
2026-07-16,Thursday,16,7,July,Q3,29,1,0,FY2026-27,4
2026-07-17,Friday,17,7,July,Q3,29,1,0,FY2026-27,4
2026-07-18,Saturday,18,7,July,Q3,29,0,0,FY2026-27,4
2026-07-19,Sunday,19,7,July,Q3,29,0,0,FY2026-27,4
2026-07-20,Monday,20,7,July,Q3,30,1,0,FY2026-27,4
2026-07-21,Tuesday,21,7,July,Q3,30,1,0,FY2026-27,4
2026-07-22,Wednesday,22,7,July,Q3,30,1,0,FY2026-27,4
2026-07-23,Thursday,23,7,July,Q3,30,1,0,FY2026-27,4
2026-07-24,Friday,24,7,July,Q3,30,1,0,FY2026-27,4
2026-07-25,Saturday,25,7,July,Q3,30,0,0,FY2026-27,4
2026-07-26,Sunday,26,7,July,Q3,30,0,0,FY2026-27,4
2026-07-27,Monday,27,7,July,Q3,31,1,0,FY2026-27,4
2026-07-28,Tuesday,28,7,July,Q3,31,1,0,FY2026-27,4
2026-07-29,Wednesday,29,7,July,Q3,31,1,0,FY2026-27,4
2026-07-30,Thursday,30,7,July,Q3,31,1,0,FY2026-27,4
2026-07-31,Friday,31,7,July,Q3,31,1,0,FY2026-27,4
2026-08-01,Saturday,1,8,August,Q3,31,0,0,FY2026-27,5
2026-08-02,Sunday,2,8,August,Q3,31,0,0,FY2026-27,5
2026-08-03,Monday,3,8,August,Q3,32,1,0,FY2026-27,5
2026-08-04,Tuesday,4,8,August,Q3,32,1,0,FY2026-27,5
2026-08-05,Wednesday,5,8,August,Q3,32,1,0,FY2026-27,5
2026-08-06,Thursday,6,8,August,Q3,32,1,0,FY2026-27,5
2026-08-07,Friday,7,8,August,Q3,32,1,0,FY2026-27,5
2026-08-08,Saturday,8,8,August,Q3,32,0,0,FY2026-27,5
2026-08-09,Sunday,9,8,August,Q3,32,0,0,FY2026-27,5
2026-08-10,Monday,10,8,August,Q3,33,1,0,FY2026-27,5
2026-08-11,Tuesday,11,8,August,Q3,33,1,0,FY2026-27,5
2026-08-12,Wednesday,12,8,August,Q3,33,1,0,FY2026-27,5
2026-08-13,Thursday,13,8,August,Q3,33,1,0,FY2026-27,5
2026-08-14,Friday,14,8,August,Q3,33,1,0,FY2026-27,5
2026-08-15,Saturday,15,8,August,Q3,33,0,1,FY2026-27,5
2026-08-16,Sunday,16,8,August,Q3,33,0,0,FY2026-27,5
2026-08-17,Monday,17,8,August,Q3,34,1,0,FY2026-27,5
2026-08-18,Tuesday,18,8,August,Q3,34,1,0,FY2026-27,5
2026-08-19,Wednesday,19,8,August,Q3,34,1,0,FY2026-27,5
2026-08-20,Thursday,20,8,August,Q3,34,1,0,FY2026-27,5
2026-08-21,Friday,21,8,August,Q3,34,1,0,FY2026-27,5
2026-08-22,Saturday,22,8,August,Q3,34,0,0,FY2026-27,5
2026-08-23,Sunday,23,8,August,Q3,34,0,0,FY2026-27,5
2026-08-24,Monday,24,8,August,Q3,35,1,0,FY2026-27,5
2026-08-25,Tuesday,25,8,August,Q3,35,1,0,FY2026-27,5
2026-08-26,Wednesday,26,8,August,Q3,35,1,0,FY2026-27,5
2026-08-27,Thursday,27,8,August,Q3,35,1,0,FY2026-27,5
2026-08-28,Friday,28,8,August,Q3,35,1,0,FY2026-27,5
2026-08-29,Saturday,29,8,August,Q3,35,0,0,FY2026-27,5
2026-08-30,Sunday,30,8,August,Q3,35,0,0,FY2026-27,5
2026-08-31,Monday,31,8,August,Q3,36,1,0,FY2026-27,5
2026-09-01,Tuesday,1,9,September,Q3,36,1,0,FY2026-27,6
2026-09-02,Wednesday,2,9,September,Q3,36,1,0,FY2026-27,6
2026-09-03,Thursday,3,9,September,Q3,36,1,0,FY2026-27,6
2026-09-04,Friday,4,9,September,Q3,36,1,0,FY2026-27,6
2026-09-05,Saturday,5,9,September,Q3,36,0,0,FY2026-27,6
2026-09-06,Sunday,6,9,September,Q3,36,0,0,FY2026-27,6
2026-09-07,Monday,7,9,September,Q3,37,1,0,FY2026-27,6
2026-09-08,Tuesday,8,9,September,Q3,37,1,0,FY2026-27,6
2026-09-09,Wednesday,9,9,September,Q3,37,1,0,FY2026-27,6
2026-09-10,Thursday,10,9,September,Q3,37,1,0,FY2026-27,6
2026-09-11,Friday,11,9,September,Q3,37,1,0,FY2026-27,6
2026-09-12,Saturday,12,9,September,Q3,37,0,0,FY2026-27,6
2026-09-13,Sunday,13,9,September,Q3,37,0,0,FY2026-27,6
2026-09-14,Monday,14,9,September,Q3,38,1,0,FY2026-27,6
2026-09-15,Tuesday,15,9,September,Q3,38,1,0,FY2026-27,6
2026-09-16,Wednesday,16,9,September,Q3,38,1,0,FY2026-27,6
2026-09-17,Thursday,17,9,September,Q3,38,1,0,FY2026-27,6
2026-09-18,Friday,18,9,September,Q3,38,1,0,FY2026-27,6
2026-09-19,Saturday,19,9,September,Q3,38,0,0,FY2026-27,6
2026-09-20,Sunday,20,9,September,Q3,38,0,0,FY2026-27,6
2026-09-21,Monday,21,9,September,Q3,39,1,0,FY2026-27,6
2026-09-22,Tuesday,22,9,September,Q3,39,1,0,FY2026-27,6
2026-09-23,Wednesday,23,9,September,Q3,39,1,0,FY2026-27,6
2026-09-24,Thursday,24,9,September,Q3,39,1,0,FY2026-27,6
2026-09-25,Friday,25,9,September,Q3,39,1,0,FY2026-27,6
2026-09-26,Saturday,26,9,September,Q3,39,0,0,FY2026-27,6
2026-09-27,Sunday,27,9,September,Q3,39,0,0,FY2026-27,6
2026-09-28,Monday,28,9,September,Q3,40,1,0,FY2026-27,6
2026-09-29,Tuesday,29,9,September,Q3,40,1,0,FY2026-27,6
2026-09-30,Wednesday,30,9,September,Q3,40,1,0,FY2026-27,6
2026-10-01,Thursday,1,10,October,Q4,40,1,0,FY2026-27,7
2026-10-02,Friday,2,10,October,Q4,40,1,1,FY2026-27,7
2026-10-03,Saturday,3,10,October,Q4,40,0,0,FY2026-27,7
2026-10-04,Sunday,4,10,October,Q4,40,0,0,FY2026-27,7
2026-10-05,Monday,5,10,October,Q4,41,1,0,FY2026-27,7
2026-10-06,Tuesday,6,10,October,Q4,41,1,0,FY2026-27,7
2026-10-07,Wednesday,7,10,October,Q4,41,1,0,FY2026-27,7
2026-10-08,Thursday,8,10,October,Q4,41,1,0,FY2026-27,7
2026-10-09,Friday,9,10,October,Q4,41,1,0,FY2026-27,7
2026-10-10,Saturday,10,10,October,Q4,41,0,0,FY2026-27,7
2026-10-11,Sunday,11,10,October,Q4,41,0,0,FY2026-27,7
2026-10-12,Monday,12,10,October,Q4,42,1,0,FY2026-27,7
2026-10-13,Tuesday,13,10,October,Q4,42,1,0,FY2026-27,7
2026-10-14,Wednesday,14,10,October,Q4,42,1,0,FY2026-27,7
2026-10-15,Thursday,15,10,October,Q4,42,1,0,FY2026-27,7
2026-10-16,Friday,16,10,October,Q4,42,1,0,FY2026-27,7
2026-10-17,Saturday,17,10,October,Q4,42,0,0,FY2026-27,7
2026-10-18,Sunday,18,10,October,Q4,42,0,0,FY2026-27,7
2026-10-19,Monday,19,10,October,Q4,43,1,0,FY2026-27,7
2026-10-20,Tuesday,20,10,October,Q4,43,1,0,FY2026-27,7
2026-10-21,Wednesday,21,10,October,Q4,43,1,0,FY2026-27,7
2026-10-22,Thursday,22,10,October,Q4,43,1,0,FY2026-27,7
2026-10-23,Friday,23,10,October,Q4,43,1,0,FY2026-27,7
2026-10-24,Saturday,24,10,October,Q4,43,0,0,FY2026-27,7
2026-10-25,Sunday,25,10,October,Q4,43,0,0,FY2026-27,7
2026-10-26,Monday,26,10,October,Q4,44,1,0,FY2026-27,7
2026-10-27,Tuesday,27,10,October,Q4,44,1,0,FY2026-27,7
2026-10-28,Wednesday,28,10,October,Q4,44,1,0,FY2026-27,7
2026-10-29,Thursday,29,10,October,Q4,44,1,0,FY2026-27,7
2026-10-30,Friday,30,10,October,Q4,44,1,0,FY2026-27,7
2026-10-31,Saturday,31,10,October,Q4,44,0,0,FY2026-27,7
2026-11-01,Sunday,1,11,November,Q4,44,0,0,FY2026-27,8
2026-11-02,Monday,2,11,November,Q4,45,1,0,FY2026-27,8
2026-11-03,Tuesday,3,11,November,Q4,45,1,0,FY2026-27,8
2026-11-04,Wednesday,4,11,November,Q4,45,1,0,FY2026-27,8
2026-11-05,Thursday,5,11,November,Q4,45,1,0,FY2026-27,8
2026-11-06,Friday,6,11,November,Q4,45,1,0,FY2026-27,8
2026-11-07,Saturday,7,11,November,Q4,45,0,0,FY2026-27,8
2026-11-08,Sunday,8,11,November,Q4,45,0,0,FY2026-27,8
2026-11-09,Monday,9,11,November,Q4,46,1,0,FY2026-27,8
2026-11-10,Tuesday,10,11,November,Q4,46,1,0,FY2026-27,8
2026-11-11,Wednesday,11,11,November,Q4,46,1,0,FY2026-27,8
2026-11-12,Thursday,12,11,November,Q4,46,1,0,FY2026-27,8
2026-11-13,Friday,13,11,November,Q4,46,1,0,FY2026-27,8
2026-11-14,Saturday,14,11,November,Q4,46,0,0,FY2026-27,8
2026-11-15,Sunday,15,11,November,Q4,46,0,0,FY2026-27,8
2026-11-16,Monday,16,11,November,Q4,47,1,0,FY2026-27,8
2026-11-17,Tuesday,17,11,November,Q4,47,1,0,FY2026-27,8
2026-11-18,Wednesday,18,11,November,Q4,47,1,0,FY2026-27,8
2026-11-19,Thursday,19,11,November,Q4,47,1,0,FY2026-27,8
2026-11-20,Friday,20,11,November,Q4,47,1,0,FY2026-27,8
2026-11-21,Saturday,21,11,November,Q4,47,0,0,FY2026-27,8
2026-11-22,Sunday,22,11,November,Q4,47,0,0,FY2026-27,8
2026-11-23,Monday,23,11,November,Q4,48,1,0,FY2026-27,8
2026-11-24,Tuesday,24,11,November,Q4,48,1,0,FY2026-27,8
2026-11-25,Wednesday,25,11,November,Q4,48,1,0,FY2026-27,8
2026-11-26,Thursday,26,11,November,Q4,48,1,0,FY2026-27,8
2026-11-27,Friday,27,11,November,Q4,48,1,0,FY2026-27,8
2026-11-28,Saturday,28,11,November,Q4,48,0,0,FY2026-27,8
2026-11-29,Sunday,29,11,November,Q4,48,0,0,FY2026-27,8
2026-11-30,Monday,30,11,November,Q4,49,1,0,FY2026-27,8
2026-12-01,Tuesday,1,12,December,Q4,49,1,0,FY2026-27,9
2026-12-02,Wednesday,2,12,December,Q4,49,1,0,FY2026-27,9
2026-12-03,Thursday,3,12,December,Q4,49,1,0,FY2026-27,9
2026-12-04,Friday,4,12,December,Q4,49,1,0,FY2026-27,9
2026-12-05,Saturday,5,12,December,Q4,49,0,0,FY2026-27,9
2026-12-06,Sunday,6,12,December,Q4,49,0,0,FY2026-27,9
2026-12-07,Monday,7,12,December,Q4,50,1,0,FY2026-27,9
2026-12-08,Tuesday,8,12,December,Q4,50,1,0,FY2026-27,9
2026-12-09,Wednesday,9,12,December,Q4,50,1,0,FY2026-27,9
2026-12-10,Thursday,10,12,December,Q4,50,1,0,FY2026-27,9
2026-12-11,Friday,11,12,December,Q4,50,1,0,FY2026-27,9
2026-12-12,Saturday,12,12,December,Q4,50,0,0,FY2026-27,9
2026-12-13,Sunday,13,12,December,Q4,50,0,0,FY2026-27,9
2026-12-14,Monday,14,12,December,Q4,51,1,0,FY2026-27,9
2026-12-15,Tuesday,15,12,December,Q4,51,1,0,FY2026-27,9
2026-12-16,Wednesday,16,12,December,Q4,51,1,0,FY2026-27,9
2026-12-17,Thursday,17,12,December,Q4,51,1,0,FY2026-27,9
2026-12-18,Friday,18,12,December,Q4,51,1,0,FY2026-27,9
2026-12-19,Saturday,19,12,December,Q4,51,0,0,FY2026-27,9
2026-12-20,Sunday,20,12,December,Q4,51,0,0,FY2026-27,9
2026-12-21,Monday,21,12,December,Q4,52,1,0,FY2026-27,9
2026-12-22,Tuesday,22,12,December,Q4,52,1,0,FY2026-27,9
2026-12-23,Wednesday,23,12,December,Q4,52,1,0,FY2026-27,9
2026-12-24,Thursday,24,12,December,Q4,52,1,0,FY2026-27,9
2026-12-25,Friday,25,12,December,Q4,52,1,0,FY2026-27,9
2026-12-26,Saturday,26,12,December,Q4,52,0,0,FY2026-27,9
2026-12-27,Sunday,27,12,December,Q4,52,0,0,FY2026-27,9
2026-12-28,Monday,28,12,December,Q4,53,1,0,FY2026-27,9
2026-12-29,Tuesday,29,12,December,Q4,53,1,0,FY2026-27,9
2026-12-30,Wednesday,30,12,December,Q4,53,1,0,FY2026-27,9
2026-12-31,Thursday,31,12,December,Q4,53,1,0,FY2026-27,9
