order_id,order_date,customer_id,product,region,quantity,unit_price,sales_amount,channel
ORD00001,2025-08-22,CUST0882,Webcam,East,2,65000,130000,Partner
ORD00002,2026-07-29,CUST1132,Tablet,South,6,4500,27000,Partner
ORD00003,2026-03-31,CUST0456,Monitor,North,1,12500,12500,Online
ORD00004,2026-10-21,CUST0872,Headset,West,4,65000,260000,Retail
ORD00005,2025-01-29,CUST0934,Laptop,South,4,4500,18000,Retail
ORD00006,2026-04-19,CUST1222,Laptop,North,6,4500,27000,Partner
ORD00007,2026-05-02,CUST1900,Monitor,South,4,2200,8800,Partner
ORD00008,2026-10-08,CUST0076,Mouse,East,7,900,6300,Online
ORD00009,2026-03-29,CUST2165,Monitor,West,5,18000,90000,ONLINE
ORD00010,2025-12-30,CUST2035,Laptop,South,2,4500,9000,Online
ORD00011,2025-10-13,CUST0960,Monitor,West,7,3200,22400,Online
ORD00012,2026-09-09,CUST2244,Printer,South,8,12500,100000,Partner
ORD00013,2026-05-14,CUST1335,Tablet,South,8,65000,520000,Online
ORD00014,2026-09-09,CUST1680,Keyboard,North,6,18000,108000,Partner
ORD00015,2026-11-13,CUST0643,Keyboard,East,7,4500,31500,Online
ORD00016,2026-03-16,CUST1590,Headset,North,8,65000,520000,Retail
ORD00017,2026-03-25,CUST1259,Keyboard,East,4,2200,8800,Retail
ORD00018,2025-07-22,CUST2154,Headset,South,6,18000,108000,Online
ORD00019,2025-08-03,CUST2549,Monitor,South,8,28000,224000,Partner
ORD00020,2026-05-11,CUST1493,Tablet,South,2,900,1800,Partner
ORD00021,2026-06-05,CUST0048,Printer,West,1,12500,12500,Partner
ORD00022,2026-05-10,CUST0773,Mouse,South,6,18000,108000,Partner
ORD00023,2026-07-24,CUST0969,Mouse,West,2,65000,130000,Retail
ORD00024,2026-03-22,CUST2804,Monitor,South,7,3200,22400,Online
ORD00025,2026-12-15,CUST2370,Printer,West,5,28000,140000,Online
ORD00026,2026-06-04,CUST2725,Webcam,South,7,12500,87500,Online
ORD00027,2025-07-11,CUST2318,Monitor,West,7,28000,196000,Online
ORD00028,2025-02-18,CUST1172,Headset,South,1,12500,12500,Partner
ORD00029,2025-01-08,CUST1249,Printer,East,1,2200,2200,Partner
ORD00030,2026-04-01,CUST2434,Keyboard,West,1,900,900,Retail
ORD00031,2025-03-10,CUST0827,Keyboard,North,5,3200,16000,Retail
ORD00032,2026-02-01,CUST2231,Webcam,North,10,3200,32000,Retail
ORD00033,2025-01-26,CUST0750,Monitor,South,7,65000,455000,Retail
ORD00034,2025-10-12,CUST0494,Monitor,West,1,12500,12500,Retail
ORD00035,2025-04-14,CUST1568,Laptop,South,8,18000,144000,Online
ORD00036,2026-11-01,CUST2837,Printer,West,7,3200,22400,Online
ORD00037,2026-09-20,CUST1941,Headset,East,3,18000,54000,Partner
ORD00038,2025-03-19,CUST2819,Printer,South,9,65000,585000,Partner
ORD00039,2025-09-09,CUST0309,Keyboard,West,2,3200,6400,Retail
ORD00040,2026-02-27,CUST0090,Webcam,North,6,2200,13200,Online
ORD00041,2025-12-26,CUST1031,Headset,North,7,900,6300,Retail
ORD00042,2026-03-26,CUST0150,Tablet,South,9,4500,40500,Online
ORD00043,2026-08-30,CUST0369,Laptop,East,2,18000,36000,Retail
ORD00044,2026-03-11,CUST1690,Monitor,South,4,3200,12800,Partner
ORD00045,2026-04-13,CUST2335,Headset,West,10,28000,280000,Partner
ORD00046,2025-05-01,CUST1409,Headset,East,7,4500,31500,Retail
ORD00047,2025-12-19,CUST1989,Printer,West,2,2200,4400,Online
ORD00048,2025-11-11,CUST2458,Tablet,East,4,2200,8800,ONLINE
ORD00049,2026-10-04,CUST0741,Tablet,West,2,18000,36000,Online
ORD00050,2026-10-09,CUST1710,Keyboard,North,6,900,5400,Retail
ORD00051,2025-12-31,CUST2252,Keyboard,East,2,900,1800,Online
ORD00052,2025-05-27,CUST0533,Mouse,North,9,3200,28800,Partner
ORD00053,2026-11-12,CUST1321,Tablet,South,7,65000,455000,Retail
ORD00054,2026-09-02,CUST1542,Tablet,South,3,28000,84000,Retail
ORD00055,2025-02-19,CUST2505,Laptop,North,2,12500,error,Online
ORD00056,2025-04-03,CUST0215,Laptop,North,10,12500,125000,Online
ORD00057,2025-02-17,CUST0285,Tablet,East,8,2200,17600,Retail
ORD00058,2026-02-13,CUST0088,Headset,South,9,28000,252000,Partner
ORD00059,2026-11-24,CUST1250,Keyboard,South,7,65000,455000,Retail
ORD00060,2026-02-16,CUST2746,Laptop,South,4,65000,260000,Partner
ORD00061,2025-12-02,CUST1806,Webcam,South,8,900,7200,Retail
ORD00062,2025-07-11,CUST1588,Keyboard,East,10,12500,125000,Retail
ORD00063,2026-07-30,CUST1421,Headset,West,7,3200,22400,Retail
ORD00064,2026-04-23,CUST2877,Headset,North,8,3200,25600,Online
ORD00065,2026-06-19,CUST2910,Keyboard,South,4,900,3600,Partner
ORD00066,2026-08-02,CUST2458,Keyboard, north,4,65000,260000,Online
ORD00067,2026-02-27,CUST2026,Keyboard,South,1,900,900,Retail
ORD00068,2025-11-28,CUST2725,Laptop,North,7,28000,196000,
ORD00069,2025-05-04,CUST2991,Webcam,East,5,4500,22500,Online
ORD00070,2025-05-23,CUST0972,Keyboard,East,4,65000,260000,Online
ORD00071,2026-01-17,CUST1193,Monitor,West,7,900,6300,Partner
ORD00072,2025-01-15,CUST2704,Webcam,South,2,18000,36000,Partner
ORD00073,2025-09-14,CUST1200,Printer,North,8,12500,100000,Retail
ORD00074,2026-12-26,CUST0906,Webcam,East,3,900,2700,Partner
ORD00075,2025-03-09,CUST2610,Mouse,East,4,3200,12800,Retail
ORD00076,2025-11-09,CUST2006,Mouse,North,2,28000,56000,Retail
ORD00077,2025-11-07,CUST1859,Mouse,North,8,12500,100000,Retail
ORD00078,2025-05-08,CUST0127,Webcam,West,10,3200,32000,Online
ORD00079,2025-10-21,CUST0517,Webcam,South,10,12500,125000,Retail
ORD00080,2025-10-05,CUST2967,Monitor,North,4,4500,18000,Online
ORD00081,2025-01-04,CUST1095,Headset,West,2,28000,56000,Online
ORD00082,2026-08-12,CUST1922,Keyboard,North,4,4500,18000,Partner
ORD00083,2026-01-25,CUST0290,Keyboard,West,1,65000,65000,Partner
ORD00084,2026-10-03,CUST2387,Laptop,North,8,900,7200,Retail
ORD00085,2026-04-21,CUST2634,Webcam,East,8,28000,224000,Retail
ORD00086,2026-09-12,CUST2547,Printer,South,8,18000,144000,Partner
ORD00087,2025-11-28,CUST2320,Webcam,South,2,12500,25000,Partner
ORD00088,2026-07-03,CUST1910,Headset,South,9,900,8100,Retail
ORD00089,2025-05-06,CUST1321,Monitor,North,7,2200,15400,Online
ORD00090,2025-01-01,CUST0830,Printer,EAST,5,4500,22500,Partner
ORD00091,2025-05-16,CUST0388,Printer,South,3,2200,6600,Retail
ORD00092,2026-06-28,CUST1587,Webcam,West,5,18000,90000,Online
ORD00093,2026-06-22,CUST0304,Webcam,East,5,900,4500,Retail
ORD00094,2026-05-25,CUST0635,Headset,West,8,900,7200,Partner
ORD00095,2025-10-28,CUST2951,Keyboard,South,5,12500,62500,Retail
ORD00096,2026-12-14,CUST1498,Keyboard,West,9,12500,112500,Online
ORD00097,2025-01-18,CUST0209,Headset,North,2,900,1800,Online
ORD00098,2026-04-17,CUST0422,Laptop,South,10,3200,32000,Online
ORD00099,2025-09-12,CUST0363,Headset,South,9,4500,40500,Retail
ORD00100,2025-07-05,CUST2515,Laptop,East,4,4500,18000,Online